<?xml version="1.0" encoding="UTF-8" standalone="yes"?>
<addon id="repository.kingwizard" name="King Wizard Repository" version="1.0.0" provider-name="King">
	<extension point="xbmc.addon.repository" name="King Wizard Repository">
        <info>https://dark.seedhost.eu/kodiking/kingmatrix/repos/king-wizard/addons.xml</info>
        <checksum>https://dark.seedhost.eu/kodiking/kingmatrix/repos/king-wizard/addons.xml.md5</checksum>
        <datadir zip="true">https://dark.seedhost.eu/kodiking/kingmatrix/repos/king-wizard/</datadir>
	</extension>
	<extension point="xbmc.addon.metadata">
		<summary></summary>
		<description></description>
		<platform>all</platform>
		<assets>
			<icon>icon.png</icon>
			<fanart>fanart.jpg</fanart>
		</assets>
	</extension>
</addon>